,City,Country,Date,Latitude,Longitude,Max Temperature,Humidity,Cloudiness,Wind Speed
0,Vaini,TO,1665455905,-21.2,-175.2,78.96,69,40,25.32
1,Ribeira Grande,PT,1665456159,38.5167,-28.7,68.77,88,7,1.99
2,Mataura,NZ,1665456159,-46.1927,168.8643,52.03,51,98,8.08
3,Port Alfred,ZA,1665456160,-33.5906,26.891,73.18,72,98,1.01
4,San Cristobal,VE,1665455874,7.7669,-72.225,71.78,92,97,2.33
5,Marquard,ZA,1665456160,-28.6645,27.4305,64.96,49,100,13.0
6,Dawson Creek,CA,1665456160,55.7666,-120.2362,47.84,40,0,9.22
7,Saint-Pierre,RE,1665456161,-21.3393,55.4781,67.68,68,75,4.61
8,Ushuaia,AR,1665456161,-54.8,-68.3,40.66,81,0,4.61
9,Pevek,RU,1665456162,69.7008,170.3133,26.11,72,100,26.96
10,Punta Arenas,CL,1665456162,-53.15,-70.9167,41.11,81,0,6.91
11,Cape Town,ZA,1665455911,-33.9258,18.4232,61.79,73,0,13.8
12,Chokurdakh,RU,1665456162,70.6333,147.9167,19.67,81,91,16.82
13,Kannur,IN,1665456163,11.8675,75.3576,79.14,79,100,2.59
14,Faanui,PF,1665456163,-16.4833,-151.75,78.26,75,14,14.0
15,Antalaha,MG,1665456164,-14.9003,50.2788,66.15,80,28,6.49
16,Dingle,PH,1665456164,10.9995,122.6711,86.45,68,28,3.78
17,Vila Franca do Campo,PT,1665456164,37.7167,-25.4333,72.19,89,61,5.5
18,Rikitea,PF,1665456165,-23.1203,-134.9692,71.96,73,65,2.98
19,Nanortalik,GL,1665456165,60.1432,-45.2371,37.4,92,100,4.72
20,Hermanus,ZA,1665456166,-34.4187,19.2345,63.88,78,100,20.13
21,Torbay,CA,1665456166,47.6666,-52.7314,44.22,81,40,11.5
22,Esso,RU,1665456166,55.9333,158.7,36.52,79,92,4.18
23,Klyuchi,RU,1665456167,52.2667,79.1667,46.72,59,50,12.57
24,Qaanaaq,GL,1665456167,77.484,-69.3632,4.84,60,82,8.1
25,Puerto Ayora,EC,1665456167,-0.7393,-90.3518,66.54,89,93,3.0
26,Kjøllefjord,NO,1665456168,70.9457,27.3465,42.62,87,75,11.5
27,Albany,US,1665456035,42.6001,-73.9662,44.1,93,8,3.44
28,Roald,NO,1665456168,62.5833,6.1333,46.29,76,40,17.27
29,Chui,UY,1665456169,-33.6971,-53.4616,49.05,80,27,6.13
30,Mahébourg,MU,1665456169,-20.4081,57.7,70.09,78,40,9.22
31,Iquique,CL,1665456137,-20.2208,-70.1431,60.84,77,36,3.91
32,Saldanha,ZA,1665456170,-33.0117,17.9442,57.25,95,100,10.27
33,Ancud,CL,1665456170,-41.8697,-73.8203,45.99,85,100,4.03
34,Nikolskoye,RU,1665456170,59.7035,30.7861,44.19,86,6,7.94
35,Maceió,BR,1665456030,-9.6658,-35.7353,78.24,83,75,12.66
36,Ponta do Sol,PT,1665456171,32.6667,-17.1,70.54,71,10,6.98
37,Hong Kong,HK,1665456171,22.2855,114.1577,77.14,47,30,11.99
38,Ixtapa,MX,1665456172,20.7,-105.2,85.23,74,0,0.0
39,Mount Isa,AU,1665456172,-20.7333,139.5,91.17,15,3,6.91
40,Balkhash,KZ,1665456172,46.844,74.9804,38.01,70,0,11.18
41,Sola,VU,1665456173,-13.8833,167.55,80.17,70,36,1.48
42,Busselton,AU,1665456173,-33.65,115.3333,56.8,57,99,12.5
43,Vao,NC,1665456173,-22.6667,167.4833,72.64,65,56,14.81
44,Lalín,ES,1665456174,42.7167,-8.1167,51.85,97,40,2.89
45,Harper,LR,1665456174,4.375,-7.7169,75.42,90,83,3.29
46,Bathsheba,BB,1665456174,13.2167,-59.5167,83.01,83,40,16.11
47,Leh,IN,1665456175,34.1667,77.5833,42.53,48,100,4.07
48,Garden City,US,1665456175,42.3256,-83.331,52.57,79,40,3.44
49,Rockland,US,1665456176,41.1668,-74.0496,49.15,84,7,3.06
50,Khatanga,RU,1665456176,71.9667,102.5,10.85,95,91,3.27
51,Saint Paul Harbor,US,1665456176,57.79,-152.4072,54.91,62,100,3.44
52,Nishihara,JP,1665456177,26.1842,127.7558,74.71,67,75,21.85
53,Hilo,US,1665455976,19.7297,-155.09,79.79,86,100,5.75
54,Hokitika,NZ,1665456177,-42.7167,170.9667,56.86,69,33,8.41
55,Doba,TD,1665456178,8.65,16.85,69.53,96,55,1.7
56,Tavda,RU,1665456178,58.0425,65.2726,42.58,92,55,4.94
57,Thompson,CA,1665456178,55.7435,-97.8558,60.96,51,20,11.5
58,Sur,OM,1665456179,22.5667,59.5289,82.24,33,5,1.68
59,Itarema,BR,1665456179,-2.9248,-39.9167,77.94,82,7,15.08
60,Batagay,RU,1665456179,67.6333,134.6333,20.43,84,22,4.61
61,Hobart,AU,1665456008,-42.8794,147.3294,66.15,58,75,8.05
62,Mercedes,AR,1665456180,-34.6515,-59.4307,52.75,76,19,8.43
63,Barrow,US,1665456115,71.2906,-156.7887,30.22,86,75,17.27
64,Pemangkat,ID,1665456180,1.1667,108.9667,81.82,72,94,3.69
65,Mossamedes,AO,1665456181,-15.1961,12.1522,65.25,92,56,8.05
66,Jamestown,US,1665456171,42.097,-79.2353,44.04,88,0,5.75
67,Kiruna,SE,1665456074,67.8557,20.2251,41.92,87,100,11.5
68,Kinshasa,CD,1665456122,-4.3246,15.3215,73.78,88,40,3.44
69,Bengkulu,ID,1665456181,-3.8004,102.2655,81.23,71,100,2.06
70,Nouakchott,MR,1665456025,18.0858,-15.9785,78.73,79,99,12.12
71,Mount Gambier,AU,1665456182,-37.8333,140.7667,67.51,48,100,13.18
72,Wattegama,LK,1665456183,6.7989,81.4808,81.84,69,21,5.03
73,Airai,TL,1665456183,-8.9266,125.4092,74.21,49,100,1.99
74,Coahuayana Viejo,MX,1665456184,18.7333,-103.6833,78.78,81,57,2.89
75,Cherskiy,RU,1665456184,68.75,161.3,21.42,91,95,20.2
76,Port Augusta,AU,1665456185,-32.5,137.7667,78.64,18,91,20.87
77,Taoudenni,ML,1665456185,22.6783,-3.9836,86.67,24,11,10.4
78,Atar,MR,1665456185,20.5169,-13.0499,89.19,25,58,7.34
79,Vestmannaeyjar,IS,1665456186,63.4427,-20.2734,43.16,83,100,30.27
80,Vila,PT,1665456053,42.0304,-8.1588,48.7,94,1,3.58
81,Jasper,US,1665456187,37.2001,-94.3502,64.96,81,75,5.75
82,Hithadhoo,MV,1665456187,-0.6,73.0833,81.19,78,100,19.22
83,Atuona,PF,1665456188,-9.8,-139.0333,76.75,74,28,15.37
84,Talnakh,RU,1665456188,69.4865,88.3972,34.21,99,100,4.88
85,Nicoya,CR,1665456166,10.1483,-85.452,74.37,94,100,1.12
86,Ahipara,NZ,1665456188,-35.1667,173.1667,65.21,62,99,2.73
87,Saskylakh,RU,1665456189,71.9167,114.0833,13.86,94,79,8.46
88,Centralia,US,1665456189,46.7162,-122.9543,61.03,87,100,3.44
89,Bāneh,IR,1665456190,35.9975,45.8853,46.85,60,0,1.83
90,Matane,CA,1665456064,48.8286,-67.522,41.38,73,77,14.54
91,Campbell River,CA,1665456068,50.0163,-125.2446,55.49,44,20,11.5
92,Hasaki,JP,1665456190,35.7333,140.8333,77.4,47,100,10.67
93,Flinders,AU,1665456191,-34.5833,150.8552,65.03,63,88,8.77
94,George Town,MY,1665456191,5.4112,100.3354,85.08,75,20,5.75
95,Aswān,EG,1665456191,24.0934,32.907,73.63,41,0,11.03
96,Tuktoyaktuk,CA,1665456192,69.4541,-133.0374,32.0,74,100,12.66
97,Kaitangata,NZ,1665456192,-46.2817,169.8464,52.38,55,96,11.34
98,Osakarovka,KZ,1665456193,50.565,72.5692,42.55,60,14,8.59
99,Road Town,VG,1665455903,18.4167,-64.6167,82.49,76,63,15.43
100,Upernavik,GL,1665456193,72.7868,-56.1549,18.03,67,99,3.65
101,Yellowknife,CA,1665456127,62.456,-114.3525,45.12,57,40,12.66
102,Poltavka,RU,1665456194,54.3663,71.7632,45.9,73,93,11.65
103,Hofn,IS,1665456194,64.2539,-15.2082,34.32,62,42,9.19
104,Saint George,US,1665455968,37.1041,-113.5841,75.67,26,0,5.75
105,Carnarvon,AU,1665456195,-24.8667,113.6333,66.0,53,80,22.66
106,Gravdal,NO,1665456195,68.1214,13.5031,47.46,83,87,36.04
107,Deputatsky,RU,1665456196,69.3,139.9,10.72,90,62,5.37
108,Guerrero Negro,MX,1665456196,27.9769,-114.0611,70.18,84,30,14.83
109,Ninove,BE,1665456196,50.8284,4.0047,40.66,95,6,1.57
110,Bitung,ID,1665456197,1.4451,125.1824,85.05,69,97,1.95
111,Avarua,CK,1665456197,-21.2078,-159.775,75.25,78,75,26.46
112,Mbengwi,CM,1665456197,6.0167,10.0,62.74,93,82,1.23
113,Bambous Virieux,MU,1665456198,-20.3428,57.7575,70.05,78,40,9.22
114,Vazhiny,RU,1665456198,60.9644,34.0222,40.28,92,0,6.15
115,North Bend,US,1665456199,43.4065,-124.2243,57.61,98,100,14.97
116,Keflavik,IS,1665456199,64.0049,-22.5624,43.18,87,100,20.71
117,Pontes e Lacerda,BR,1665456200,-15.2261,-59.3353,71.65,84,36,3.29
118,Sítio Novo do Tocantins,BR,1665456200,-5.5183,-47.4611,81.43,54,92,1.5
119,Moose Factory,CA,1665456200,51.2585,-80.6094,48.18,57,100,17.27
120,Auki,SB,1665456201,-8.7676,160.7034,81.18,77,62,2.82
121,Terrace Bay,CA,1665456201,48.7834,-87.1,45.45,80,100,11.36
122,Butaritari,KI,1665456202,3.0707,172.7902,81.0,80,99,14.7
123,Vila Velha,BR,1665456179,-20.3297,-40.2925,76.95,88,40,6.91
124,The Valley,AI,1665456202,18.217,-63.0578,82.26,77,17,17.0
125,Kudahuvadhoo,MV,1665456203,2.6708,72.8944,80.94,79,100,22.01
126,Mar del Plata,AR,1665456017,-38.0023,-57.5575,48.99,77,0,11.01
127,Bluff,NZ,1665456203,-46.6,168.3333,50.16,55,62,16.35
128,Labuan,MY,1665456204,5.2767,115.2417,84.09,74,20,5.99
129,Katsuura,JP,1665456204,35.1333,140.3,73.72,44,92,19.69
130,Batagay-Alyta,RU,1665456205,67.8006,130.4114,16.05,77,18,4.0
131,Kavaratti,IN,1665456205,10.5669,72.642,80.67,77,96,5.86
132,Portland,US,1665456151,45.5234,-122.6762,67.59,70,75,6.91
133,Kimbe,PG,1665456206,-5.5502,150.1429,89.31,55,99,8.34
134,Kulachi,PK,1665456206,31.9286,70.4592,79.52,38,0,3.44
135,Bako,ET,1665456207,5.7833,36.5667,60.37,83,22,3.71
136,Clyde River,CA,1665456207,70.4692,-68.5914,14.23,79,40,16.11
137,Quelimane,MZ,1665456207,-17.8786,36.8883,70.0,94,3,1.45
138,Horta,PT,1665456208,38.5333,-28.6333,68.02,88,15,1.99
139,Yar-Sale,RU,1665456208,66.8333,70.8333,37.63,91,100,14.23
140,Daugavpils,LV,1665456208,55.8833,26.5333,40.6,87,10,9.95
141,Bambanglipuro,ID,1665456209,-7.95,110.2833,81.09,78,100,10.02
142,Vaitape,PF,1665456209,-16.5167,-151.75,78.22,75,13,14.14
143,Alekseyevka,RU,1665456210,50.6309,38.6903,49.46,93,100,15.95
144,Esperance,AU,1665456210,-33.8667,121.9,55.24,57,89,19.37
145,Padang,ID,1665456210,-0.9492,100.3543,84.25,69,100,2.39
146,Udachny,RU,1665456211,66.4167,112.4,34.45,86,81,8.3
147,Srandakan,ID,1665456211,-7.9386,110.2506,80.87,79,100,9.62
148,Tasiilaq,GL,1665456212,65.6145,-37.6368,35.76,97,100,19.53
149,Marmaris,TR,1665456212,36.855,28.2742,68.11,63,2,3.47
150,Bredasdorp,ZA,1665456213,-34.5322,20.0403,65.48,53,100,8.1
151,Port Elizabeth,ZA,1665456214,-33.918,25.5701,66.49,82,0,3.44
152,Bushehr,IR,1665456183,28.9684,50.8385,73.49,78,0,0.0
153,Cootamundra,AU,1665456012,-34.65,148.0333,66.94,65,100,8.86
154,New Norfolk,AU,1665456214,-42.7826,147.0587,61.95,49,100,3.0
155,Kruisfontein,ZA,1665456215,-34.0033,24.7314,71.06,47,100,5.64
156,Sinnamary,GF,1665456215,5.3833,-52.95,78.98,89,45,10.04
157,Raudeberg,NO,1665456216,61.9875,5.1352,43.47,69,100,25.95
158,Sitka,US,1665456216,57.0531,-135.33,48.09,87,100,8.05
159,Narsaq,GL,1665456216,60.9167,-46.05,34.02,98,100,3.83
160,Coquimbo,CL,1665456217,-29.9533,-71.3436,51.53,87,0,3.44
161,Entre Rios,BR,1665456217,-11.9419,-38.0844,68.54,93,7,4.07
162,Touros,BR,1665456217,-5.1989,-35.4608,77.65,76,27,17.76
163,Darhan,MN,1665456218,49.4867,105.9228,44.69,41,100,4.79
164,Cimişlia,MD,1665456218,46.52,28.7842,33.94,64,7,1.28
165,Karacabey,TR,1665456219,40.2152,28.4038,62.98,90,54,2.06
166,Fare,PF,1665456219,-16.7,-151.0167,78.19,74,11,14.2
167,Tawang Town,IN,1665456219,27.5833,91.8667,57.15,82,87,4.61
168,Urengoy,RU,1665456220,65.9667,78.3667,38.59,89,100,10.89
169,Quthing,LS,1665456220,-30.4,27.7003,67.1,39,100,5.53
170,Anjozorobe,MG,1665456220,-18.4,47.8667,49.39,63,0,2.39
171,Longyearbyen,SJ,1665456221,78.2186,15.6401,33.64,69,20,16.11
172,Castro,BR,1665456221,-24.7911,-50.0119,58.19,97,100,6.42
173,Tiksi,RU,1665456222,71.6872,128.8694,15.84,81,100,13.35
174,Norman Wells,CA,1665456222,65.282,-126.8329,32.04,80,75,27.63
175,Lebu,CL,1665456223,-37.6167,-73.65,48.22,82,24,15.59
176,Ilulissat,GL,1665456223,69.2167,-51.1,35.62,51,75,13.8
177,Souillac,MU,1665456223,-20.5167,57.5167,70.18,78,40,9.22
178,Provideniya,RU,1665456224,64.3833,-173.3,32.11,74,40,13.42
179,Salihorsk,BY,1665456224,52.7876,27.5415,38.55,82,78,6.93
180,San Miguel de Sema,CO,1665456224,5.5178,-73.7221,47.62,97,85,4.56
181,São Pedro do Sul,BR,1665456225,-29.6206,-54.1789,52.45,98,100,7.61
182,Broome,US,1665456225,42.2506,-75.833,44.49,89,0,4.61
183,Gornyy,RU,1665456226,55.1153,83.9059,44.51,72,100,20.33
184,Kaeo,NZ,1665456226,-35.1,173.7833,67.32,71,84,6.69
185,Yaan,NG,1665456226,7.3833,8.5667,70.86,98,97,5.68
186,Anloga,GH,1665456227,5.7947,0.8973,77.79,85,63,5.88
187,Kaufungen,DE,1665456227,51.2811,9.6186,43.47,96,3,1.61
188,Portel,BR,1665456228,-1.9356,-50.8211,75.04,86,80,1.14
189,Halifax,CA,1665456228,44.6453,-63.5724,48.06,77,13,8.05
190,Kuytun,RU,1665456228,54.3419,101.5036,44.53,73,67,11.86
191,Arraial do Cabo,BR,1665456229,-22.9661,-42.0278,70.9,93,66,6.04
192,Klaksvík,FO,1665456229,62.2266,-6.589,38.32,65,100,8.55
193,Biharamulo,TZ,1665456230,-2.6319,31.3089,63.27,78,88,1.92
194,Fortuna,US,1665456230,40.5982,-124.1573,54.73,85,23,1.9
195,La Rioja,ES,1665456230,42.25,-2.5,49.78,76,100,0.94
196,Pisco,PE,1665456231,-13.7,-76.2167,60.85,82,0,13.8
197,Naze,JP,1665456231,28.3667,129.4833,76.12,55,100,16.49
198,Laï,TD,1665456231,9.3952,16.2989,71.02,88,48,3.02
199,Plettenberg Bay,ZA,1665456232,-34.0527,23.3716,69.98,55,100,2.73
200,Palmer,US,1665456023,42.1584,-72.3287,45.3,86,40,0.0
201,Mildura,AU,1665456150,-34.2,142.15,76.06,30,68,14.72
202,Lernanist,AM,1665456233,40.4678,44.7924,35.76,70,40,1.19
203,Salinas,US,1665456233,36.6777,-121.6555,56.8,88,100,9.22
204,Iqaluit,CA,1665456233,63.7506,-68.5145,22.73,86,75,12.66
205,Orsha,BY,1665456234,54.5153,30.4053,37.78,83,75,5.17
206,Montluçon,FR,1665456234,46.3333,2.6,54.7,97,100,2.28
207,Pemba,MZ,1665456235,-12.974,40.5178,72.3,88,40,3.44
208,Dunedin,NZ,1665456235,-45.8742,170.5036,50.81,70,100,13.0
209,Novikovo,RU,1665456235,51.1537,37.8879,49.46,90,100,16.06
210,Marzuq,YE,1665456236,14.4,46.4667,68.88,64,32,1.48
211,Soyo,AO,1665456236,-6.1349,12.3689,75.99,87,40,8.43
212,Beloha,MG,1665456237,-25.1667,45.05,67.12,95,40,6.15
213,Corner Brook,CA,1665456009,48.9667,-57.9484,37.56,79,69,8.03
214,Torbat-e Jām,IR,1665456237,35.244,60.6225,61.48,19,0,5.01
215,Zhigansk,RU,1665456237,66.7697,123.3711,21.36,85,22,9.64
216,Caravelas,BR,1665456238,-17.7125,-39.2481,75.58,72,10,8.21
217,Beringovskiy,RU,1665456238,63.05,179.3167,33.73,47,33,9.22
218,General Roca,AR,1665456238,-39.0333,-67.5833,62.47,16,98,8.1
219,Alugan,PH,1665456239,12.2188,125.4808,88.03,63,46,5.19
220,Lavrentiya,RU,1665456239,65.5833,-171.0,28.99,57,14,6.64
221,East London,ZA,1665456240,-33.0153,27.9116,68.41,81,100,16.49
222,Muros,ES,1665456240,42.7762,-9.0603,58.84,93,5,7.43
223,Ortaköy,TR,1665456241,38.7373,34.0387,39.45,74,2,3.58
224,Cabinda,AO,1665456241,-5.55,12.2,76.1,89,70,6.51
225,Watsa,CD,1665456241,3.0372,29.5355,60.93,99,84,2.98
226,Killybegs,IE,1665456242,54.6333,-8.45,49.57,85,94,9.19
227,Ankang,CN,1665455951,32.68,109.0172,60.28,58,0,0.92
228,Cupira,BR,1665456242,-8.6167,-35.95,66.76,91,50,5.59
229,Sakakah,SA,1665456243,29.9697,40.2064,72.97,38,0,7.4
230,Buin,CL,1665456243,-33.7333,-70.75,54.63,77,0,1.19
231,Kavieng,PG,1665456158,-2.5744,150.7967,84.94,60,40,5.37
232,Tonantins,BR,1665456244,-2.8731,-67.8022,74.23,86,66,0.76
233,Murray Bridge,AU,1665456244,-35.1167,139.2667,72.12,30,100,14.65
234,Dhidhdhoo,MV,1665456245,6.8833,73.1,80.76,81,97,17.72
235,Anantapur,IN,1665456245,14.6833,77.6,77.65,80,100,7.0
236,Sabak,MY,1665456245,3.7675,100.9875,87.84,57,90,2.93
237,Aklavik,CA,1665456246,68.2191,-135.0107,26.65,93,100,2.46
238,Nemuro,JP,1665456246,43.3236,145.575,56.46,84,98,13.76
239,Lewisporte,CA,1665456247,49.2499,-55.0482,38.55,71,69,7.36
240,Cabo San Lucas,MX,1665456247,22.8909,-109.9124,84.51,57,0,10.36
241,Kemijärvi,FI,1665456247,66.7131,27.4306,46.0,84,100,13.65
242,Te Anau,NZ,1665456248,-45.4167,167.7167,58.23,44,6,3.09
243,Kodinsk,RU,1665456248,58.6881,99.1844,41.65,94,100,9.08
244,Bilibino,RU,1665456248,68.0546,166.4372,16.61,95,100,7.45
245,Nālūt,LY,1665456249,30.3333,10.85,73.8,25,98,9.17
246,Fairbanks,US,1665456249,64.8378,-147.7164,31.84,82,100,4.61
247,Mailsi,PK,1665456250,29.8003,72.1758,80.47,60,0,5.37
248,Břasy,CZ,1665456250,49.837,13.5783,45.23,100,96,2.19
249,Hambantota,LK,1665456251,6.1241,81.1185,79.14,100,20,4.61
250,Cidreira,BR,1665456251,-30.1811,-50.2056,59.58,97,100,11.9
251,Kununurra,AU,1665456251,-15.7667,128.7333,96.78,32,11,6.91
252,Westport,US,1665456218,41.1415,-73.3579,51.66,79,0,3.44
253,Polovinnoye,RU,1665456252,54.7914,65.9864,46.0,76,100,7.45
254,Ukiah,US,1665456007,39.1502,-123.2078,71.11,35,0,0.0
255,Ossora,RU,1665456252,59.2353,163.0719,41.65,62,52,13.38
256,Makkah al Mukarramah,SA,1665456253,21.4267,39.8261,78.58,62,0,1.12
257,Verkhnetulomskiy,RU,1665456253,68.6073,31.7962,44.73,86,100,9.26
258,Wajima,JP,1665456254,37.4,136.9,65.08,72,75,16.11
259,Vardø,NO,1665456254,70.3705,31.1107,44.58,93,100,12.66
260,Imeni Poliny Osipenko,RU,1665456255,52.4201,136.4853,43.34,59,100,16.93
261,Sabha,LY,1665456255,27.0377,14.4283,69.46,32,23,6.69
262,Camacha,PT,1665456255,33.0833,-16.3333,67.42,78,40,13.8
263,Pacific Grove,US,1665456101,36.6177,-121.9166,55.54,92,100,5.01
264,Torrijos,ES,1665456256,39.9819,-4.2835,65.07,65,90,5.66
265,Peruíbe,BR,1665456120,-24.32,-46.9983,65.03,95,100,2.62
266,Jumla,NP,1665456256,29.2747,82.1838,60.82,73,42,1.86
267,Mēga,ET,1665456257,4.05,38.3,55.18,90,10,11.86
268,Barbacena,BR,1665456257,-21.2258,-43.7736,62.46,94,66,6.62
269,Prainha,BR,1665456258,-1.8,-53.48,72.59,95,96,0.51
270,Nyurba,RU,1665456258,63.2842,118.3319,31.33,83,76,4.81
271,Asău,RO,1665456258,46.4333,26.4,32.92,78,83,3.51
272,Astara,AZ,1665456259,38.5,48.6667,46.38,50,0,3.87
273,Lorengau,PG,1665456259,-2.0226,147.2712,85.05,58,28,8.39
274,Hobyo,SO,1665456260,5.3505,48.5268,76.71,84,2,17.67
275,Amarante do Maranhão,BR,1665456260,-5.5667,-46.7422,75.74,63,76,1.81
276,Tigil',RU,1665456261,57.8,158.6667,39.45,84,79,12.03
277,Wewak,PG,1665456261,-3.5534,143.6268,83.46,77,93,6.2
278,Gizo Government Station,SB,1665456262,-8.103,156.8419,83.44,66,84,3.4
279,Resistencia,AR,1665456262,-27.4606,-58.9839,60.66,60,0,4.61
280,Juxtlahuaca,MX,1665456262,17.4294,-99.1467,70.02,82,99,4.27
281,Lüderitz,NA,1665456263,-26.6481,15.1594,56.46,95,97,2.59
282,Pitimbu,BR,1665456263,-7.4706,-34.8086,77.59,77,32,11.9
283,Avera,US,1665456264,33.194,-82.5271,63.3,86,0,7.09
284,La Esperanza,GT,1665456264,14.8667,-91.5667,51.35,99,100,2.3
285,Caconda,AO,1665456264,-13.7333,15.0667,59.94,82,59,2.15
286,Anadyr,RU,1665455982,64.75,177.4833,28.49,63,20,13.42
287,Balabac,PH,1665456265,7.9868,117.0645,82.94,76,100,10.02
288,Glubokiy,RU,1665456265,48.5217,40.3258,47.39,93,39,5.68
289,San Patricio,US,1665456266,28.017,-97.5169,77.27,62,6,10.2
290,Grand Gaube,MU,1665456266,-20.0064,57.6608,72.37,66,83,5.99
291,San Quintín,MX,1665456267,30.4833,-115.95,67.53,84,62,11.99
292,Sistranda,NO,1665456267,63.7256,8.834,44.56,69,99,30.27
293,Žiežmariai,LT,1665456267,54.8,24.45,44.31,77,32,14.83
294,Bowen,AU,1665456268,-20.0167,148.2333,78.58,68,75,19.91
295,Mnogovershinnyy,RU,1665456268,53.9353,139.9242,37.76,98,100,8.05
296,Valdemārpils,LV,1665456269,57.3707,22.5919,46.96,69,100,12.35
297,Tilichiki,RU,1665456269,60.4667,166.1,36.28,72,100,13.22
298,Tabou,CI,1665456190,4.423,-7.3528,75.45,91,90,4.29
299,Hamilton,US,1665456067,39.1834,-84.5333,53.4,72,0,5.75
300,Hualmay,PE,1665456270,-11.0964,-77.6139,61.39,86,50,11.72
301,Manapparai,IN,1665456270,10.6,78.4167,77.86,74,86,4.25
302,Dikson,RU,1665456270,73.5069,80.5464,34.12,97,100,9.33
303,Usinsk,RU,1665456271,65.9939,57.5281,39.69,81,100,20.47
304,São João da Barra,BR,1665456271,-21.6403,-41.0511,73.54,89,68,15.52
305,Acará,BR,1665456271,-1.9608,-48.1967,72.63,92,86,2.13
306,Guarapari,BR,1665456272,-20.6667,-40.4975,71.28,91,4,7.85
307,Nantucket,US,1665456072,41.2835,-70.0995,55.96,83,0,6.91
308,San Policarpo,PH,1665456272,12.1791,125.5072,88.02,63,52,4.0
309,Sechura,PE,1665456273,-5.5569,-80.8222,63.09,84,27,13.78
310,Peniche,PT,1665456273,39.3558,-9.3811,62.31,98,35,6.11
311,Le Vauclin,MQ,1665456273,14.5452,-60.8388,77.05,94,100,5.75
312,Samarai,PG,1665456274,-10.6167,150.6667,83.01,73,16,10.8
313,Tuatapere,NZ,1665456274,-46.1333,167.6833,50.79,62,59,11.72
314,Oistins,BB,1665456275,13.0667,-59.5333,82.49,83,40,16.11
315,Buala,SB,1665456275,-8.145,159.5921,83.12,67,41,1.88
316,Verkhoyansk,RU,1665456276,67.5447,133.385,21.94,84,19,4.85
317,Alghero,IT,1665456276,40.5589,8.3181,60.89,94,100,3.44
318,Sidi Ali,DZ,1665456277,36.0998,0.4206,67.24,82,93,1.59
319,Kapaa,US,1665456171,22.0752,-159.319,79.92,74,75,6.91
320,La Romana,DO,1665456278,18.4273,-68.9728,77.36,94,20,0.0
321,Voh,NC,1665456278,-20.9667,164.7,81.54,56,79,1.79
322,Kenora,CA,1665456235,49.8167,-94.4337,54.57,62,0,9.22
323,Geraldton,AU,1665456279,-28.7667,114.6,66.61,45,100,14.97
324,Consolación del Sur,CU,1665456279,22.5047,-83.5136,74.66,88,100,4.18
325,Kulykivka,UA,1665456279,51.3735,31.6466,37.76,91,0,7.07
326,Puerto del Rosario,ES,1665456280,28.5004,-13.8627,69.55,78,40,4.61
327,Dryden,CA,1665456280,49.7833,-92.7503,50.29,71,0,9.22
328,Balkanabat,TM,1665456281,39.5108,54.3671,66.92,26,20,2.42
329,Shimoda,JP,1665456281,34.6667,138.95,71.1,50,93,22.21
330,Guymon,US,1665456281,36.6828,-101.4816,62.6,72,0,10.36
331,Ketchikan,US,1665456282,55.3422,-131.6461,52.27,62,100,0.0
332,Velikiy Ustyug,RU,1665456282,60.7644,46.3106,36.91,96,16,5.64
333,Lompoc,US,1665456282,34.6391,-120.4579,60.19,89,100,5.75
334,Muş Province,TR,1665456283,39.0,41.75,37.44,61,2,3.11
335,Sungai Penuh,ID,1665456283,-2.0833,101.3833,68.54,86,100,1.61
336,Kirakira,SB,1665456284,-10.4544,161.9205,82.45,75,33,2.84
337,Petropavlovsk-Kamchatskiy,RU,1665456284,53.0452,158.6483,45.19,57,0,4.47
338,Yangi Marg`ilon,UZ,1665456284,40.4272,71.7189,52.52,54,0,4.61
339,Vetlanda,SE,1665456285,57.4289,15.0776,45.68,85,75,13.13
340,Saint-Joseph,RE,1665456285,-21.3667,55.6167,66.58,76,32,9.28
341,Qaqortoq,GL,1665456286,60.7167,-46.0333,36.68,96,100,9.75
342,Hailar,CN,1665456287,49.2,119.7,49.23,18,28,6.49
343,La Ronge,CA,1665456287,55.1001,-105.2842,64.65,39,100,4.61
344,Qujing,CN,1665456288,25.4833,103.7833,51.37,91,100,2.06
345,Margate,GB,1665456288,51.3813,1.3862,50.7,74,64,1.01
346,Matagami,CA,1665456288,49.7502,-77.6328,35.71,75,0,8.05
347,Rochegda,RU,1665456289,62.8,43.25,44.55,90,100,6.87
348,Escárcega,MX,1665456289,18.6089,-90.7454,72.28,99,100,7.78
349,Palencia,ES,1665456290,42.4167,-4.5,56.32,67,100,5.23
350,Lima,PE,1665456281,-12.0432,-77.0282,60.91,82,20,13.8
351,Savannah Bight,HN,1665456290,16.45,-85.85,83.07,83,79,23.78
352,Manacapuru,BR,1665456290,-3.2997,-60.6206,78.39,77,57,4.9
353,Taltal,CL,1665456291,-25.4,-70.4833,57.72,70,6,4.0
354,Ventaquemada,CO,1665456291,5.3675,-73.5208,48.52,96,93,1.48
355,Beidao,CN,1665456292,34.5686,105.8933,56.39,60,98,6.15
356,Wanaka,NZ,1665456292,-44.7,169.15,56.55,61,58,6.11
357,Rawson,AR,1665456053,-43.3002,-65.1023,58.6,40,81,13.69
358,Puerto Baquerizo Moreno,EC,1665456292,-0.9,-89.6,66.92,78,98,11.63
359,Saint-Philippe,RE,1665456293,-21.3585,55.7679,67.59,78,42,10.27
360,Ginir,ET,1665456293,7.1333,40.7,59.09,80,86,2.42
361,Fort Nelson,CA,1665456293,58.8053,-122.7002,54.99,28,75,13.8
362,Hunterville,NZ,1665456294,-39.9333,175.5667,54.7,72,100,7.43
363,Shām Churāsi,IN,1665456294,31.4997,75.7494,72.07,83,44,8.1
364,Severo-Kuril'sk,RU,1665456295,50.6789,156.125,45.73,93,100,25.79
365,Zaysan,KZ,1665456295,47.4667,84.8667,45.63,49,7,5.7
366,Dayong,CN,1665456295,25.0209,118.2898,75.45,33,0,9.82
367,Karakol,KG,1665456296,42.4907,78.3936,46.08,16,0,1.23
368,Daru,PG,1665456296,-9.0763,143.2092,81.88,82,96,7.65
369,Xai-Xai,MZ,1665456297,-25.0519,33.6442,70.7,89,35,1.81
370,Ormara,PK,1665456297,25.2088,64.6357,81.28,34,0,4.29
371,Abnūb,EG,1665456297,27.2696,31.1511,69.24,66,0,10.22
372,Nome,US,1665456298,64.5011,-165.4064,33.87,60,0,12.66
373,Port Shepstone,ZA,1665456298,-30.7414,30.455,68.86,91,100,12.44
374,Bereket,TM,1665456299,39.2446,55.5154,64.6,23,93,1.14
375,San Juan del Sur,NI,1665456299,11.2529,-85.8705,77.9,87,100,4.27
376,Uthal,PK,1665456299,25.8072,66.6219,83.88,30,1,3.98
377,Price,US,1665456300,39.5994,-110.8107,65.46,19,0,10.36
378,Paysandu,UY,1665456206,-32.3214,-58.0756,52.88,76,9,8.28
379,Mindelheim,DE,1665456300,48.05,10.4833,52.5,91,75,4.61
380,Laguna,US,1665456301,38.421,-121.4238,78.44,33,0,4.61
381,Kabare,CD,1665456301,-2.4683,28.8242,60.62,83,95,1.23
382,Abu Kamal,SY,1665456301,34.4506,40.9171,70.57,39,0,6.55
383,Kumul,CN,1665456303,42.8,93.45,57.76,25,18,11.1
384,Turbat,PK,1665456303,26.0023,63.044,78.57,9,0,7.85
385,Saint-François,FR,1665456304,46.4154,3.9054,54.84,94,0,3.44
386,Goderich,CA,1665456304,43.7501,-81.7165,39.52,87,30,3.44
387,Caucayá,CO,1665456304,-0.1934,-74.7819,70.18,98,78,1.28
388,Lagoa,PT,1665456305,39.05,-27.9833,69.21,86,0,3.71
389,Idenao,CM,1665456305,4.2475,9.0047,75.15,95,100,2.98
390,Sawtell,AU,1665456306,-30.3833,153.1,69.82,49,40,16.11
391,Umuahia,NG,1665456306,5.5263,7.4896,71.82,98,100,1.21
392,Husavik,IS,1665456044,66.0449,-17.3389,21.29,85,65,13.44
393,Faya,SA,1665456307,18.3851,42.4509,55.92,33,5,4.23
394,Demba,CD,1665456307,-5.51,22.2667,67.89,85,88,2.26
395,Turaif,SA,1665456187,31.6725,38.6637,61.05,59,0,6.91
396,Lata,PT,1665456308,40.1629,-8.3327,60.39,93,99,3.18
397,Virginia Beach,US,1665456074,36.8529,-75.978,55.31,71,0,0.0
398,Fort Walton Beach,US,1665456206,30.4058,-86.6188,66.74,44,0,11.99
399,Dillon,US,1665455866,34.4166,-79.3712,62.42,71,94,5.88
400,Isla Mujeres,MX,1665456103,21.2311,-86.731,80.17,80,100,12.84
401,Keti Bandar,PK,1665456309,24.1447,67.4497,83.07,55,1,7.47
402,Dongli,CN,1665456309,23.5656,116.8194,73.38,43,0,8.95
403,Mapastepec,MX,1665456310,15.4333,-92.9,74.97,95,100,3.67
404,Sukumo,JP,1665456310,32.9333,132.7333,67.35,57,83,12.55
405,Adrar,MR,1665456310,20.5022,-10.0711,86.23,24,9,8.34
406,Havøysund,NO,1665456311,70.9963,24.6622,44.83,80,100,14.52
407,Xiantao,CN,1665456311,30.3833,113.4,66.52,26,1,6.35
408,Charlottetown,CA,1665456173,46.2352,-63.1267,41.74,67,20,4.61
409,Benguela,AO,1665456312,-12.5763,13.4055,70.84,86,28,2.77
410,São Filipe,CV,1665456312,14.8961,-24.4956,78.4,79,35,6.08
411,Río Gallegos,AR,1665456313,-51.6226,-69.2181,41.05,60,20,2.3
412,Oddur,SO,1665456313,4.1213,43.8894,68.59,85,13,11.12
413,Acahay,PY,1665456313,-25.9167,-57.15,49.06,98,51,1.34
414,Forest Grove,US,1665456314,45.5198,-123.1107,66.16,72,40,9.22
415,Grindavik,IS,1665456314,63.8424,-22.4338,43.27,87,100,20.71
416,Laas,IT,1665456315,46.6166,10.7002,46.36,90,46,4.32
417,Conceição do Araguaia,BR,1665456315,-8.2578,-49.2647,84.11,43,100,6.49
418,Neryungri,RU,1665456315,56.6709,124.6491,32.0,78,99,5.23
419,Tura,IN,1665456316,25.5198,90.2201,73.81,96,88,4.25
420,Shingū,JP,1665456316,33.7333,135.9833,71.47,42,99,3.67
421,Maamba,ZM,1665456317,-17.3667,27.15,67.53,35,0,1.72
422,Constitución,CL,1665456317,-35.3333,-72.4167,50.29,83,1,10.45
423,Luanda,AO,1665456318,-8.8368,13.2343,75.2,83,75,5.75
424,Kichha,IN,1665456318,28.9167,79.5,71.08,84,33,5.14
425,Tepic,MX,1665456319,21.5,-104.9,67.93,88,14,1.79
426,Nabire,ID,1665456319,-3.3667,135.4833,84.67,74,99,4.7
427,Muisne,EC,1665456320,0.6,-80.0333,74.12,84,100,5.37
428,‘Āhuimanu,US,1665456320,21.4447,-157.8378,83.08,73,20,9.22
429,Puerto El Triunfo,SV,1665456320,13.2833,-88.55,76.05,91,100,5.53
430,Vostok,RU,1665456321,46.4856,135.8833,38.46,98,100,10.67
431,Safaga,EG,1665456321,26.7292,33.9365,76.21,55,0,15.77
432,Egvekinot,RU,1665456322,66.3167,-179.1667,16.2,66,10,6.13
433,Bethel,US,1665456322,41.3712,-73.414,48.16,84,0,3.44
434,Paramonga,PE,1665456322,-10.6667,-77.8333,61.03,90,52,9.91
435,Consett,GB,1665456323,54.854,-1.8316,42.58,84,89,6.51
436,Rocha,UY,1665456323,-34.4833,-54.3333,42.53,89,1,4.54
437,Kawalu,ID,1665456324,-7.3817,108.2082,78.73,83,100,3.87
438,Ardakān,IR,1665456324,32.31,54.0175,67.84,15,0,2.44
439,Guadalupe y Calvo,MX,1665456324,26.1,-106.9667,49.15,71,1,3.24
440,Panórama,GR,1665456325,40.5878,23.0315,60.24,67,100,5.99
441,Valley,US,1665456284,45.1277,-116.1262,48.81,44,83,5.14
442,Tateyama,JP,1665456325,34.9833,139.8667,77.09,45,84,15.82
443,Gandajika,CD,1665456326,-6.75,23.95,67.15,70,11,1.95
444,Lázaro Cárdenas,MX,1665456326,17.9583,-102.2,80.47,85,91,1.81
445,Mehamn,NO,1665456327,71.0357,27.8492,42.75,87,75,11.5
446,Homer,US,1665456327,59.6425,-151.5483,39.63,82,100,8.01
447,Outjo,NA,1665456327,-20.1167,16.15,62.06,62,17,6.31
448,Alofi,NU,1665456328,-19.0595,-169.9187,80.49,78,75,13.8
449,Samagaltay,RU,1665456328,50.6022,95.0047,39.0,56,14,3.47
450,Manakara,MG,1665456329,-22.1333,48.0167,62.1,86,0,6.76
451,Lyuban',BY,1665456329,52.7985,28.0048,38.77,81,97,6.51
452,Moussoro,TD,1665456330,13.6408,16.4901,85.32,35,98,3.85
453,Esil,KZ,1665456078,51.9556,66.4042,45.07,58,7,6.58
454,Labuhan,ID,1665456330,-6.8844,112.2051,85.15,67,99,6.04
455,Yulara,AU,1665456331,-25.2406,130.9889,87.53,15,36,13.27
456,Yook,PH,1665456331,13.2261,121.964,85.66,70,17,7.07
457,Barcelos,PT,1665456331,41.5388,-8.6151,61.38,91,0,3.71
458,Discovery Bay,US,1665456332,37.9085,-121.6002,74.57,48,0,11.5
459,Xapuri,BR,1665456332,-10.6517,-68.5044,75.22,78,37,0.67
460,Tual,ID,1665456332,-5.6667,132.75,83.14,75,71,7.78
461,Haines Junction,CA,1665456333,60.7522,-137.5108,40.95,52,89,5.75
462,Mīrābād,AF,1665456333,30.4362,61.8383,66.51,23,0,6.38
463,Quatre Cocos,MU,1665456333,-20.2078,57.7625,72.09,71,67,12.46
464,Shubarshi,KZ,1665456334,48.5872,57.1869,48.24,44,100,11.1
465,Kiryat Gat,IL,1665456074,31.61,34.7642,67.1,75,0,4.25
466,Aberdeen,GB,1665456334,57.1437,-2.0981,45.73,82,95,6.91
467,Amnat Charoen,TH,1665456335,15.9167,104.75,76.95,70,100,17.45
468,Jaca,ES,1665456335,42.569,-0.5499,61.02,76,100,2.75
469,Sabla,NG,1665456335,12.7525,4.7077,79.56,63,5,6.11
470,Presidencia Roque Sáenz Peña,AR,1665456336,-26.7852,-60.4388,53.28,60,92,3.15
471,Baykit,RU,1665456336,61.67,96.37,40.01,97,100,8.68
472,Hoima,UG,1665456337,1.4356,31.3436,62.04,97,75,2.62
473,Pimentel,PE,1665456337,-6.8367,-79.9342,62.35,87,77,14.32
474,Nouadhibou,MR,1665456337,20.931,-17.0347,75.18,73,83,12.66
475,Aniva,RU,1665456338,46.7144,142.5294,53.11,80,72,14.67
476,Tiznit Province,MA,1665456338,29.5833,-9.5,60.24,86,25,1.54
477,Maun,BW,1665456339,-19.9833,23.4167,66.87,20,0,9.26
478,Yumen,CN,1665456339,40.2833,97.2,52.88,17,0,12.57
479,Umluj,SA,1665456340,25.0213,37.2685,80.89,54,0,8.84
480,Puerto Escondido,MX,1665456340,15.85,-97.0667,79.52,76,100,3.31
481,San Jose de Guanipa,VE,1665456341,8.8872,-64.1651,74.95,84,8,9.35
482,Nchelenge,ZM,1665456341,-9.3451,28.734,69.04,38,54,8.32
483,Port Lincoln,AU,1665456055,-34.7333,135.8667,65.26,62,100,9.82
484,Santa Maria,BR,1665456341,-29.6842,-53.8069,52.9,100,100,6.91
485,Puerto Madero,MX,1665456342,14.7208,-92.4215,75.4,100,100,21.85
486,Vila do Maio,CV,1665456342,15.1333,-23.2167,77.79,79,97,13.06
487,Washougal,US,1665456343,45.5826,-122.3534,66.83,72,100,5.75
488,Mabaruma,GY,1665456343,8.2,-59.7833,75.24,91,100,2.08
489,Coyhaique,CL,1665456343,-45.5752,-72.0662,48.15,66,75,4.61
490,Domoni,KM,1665456344,-12.2569,44.5319,73.58,80,0,4.99
491,Dongdu,CN,1665456344,35.85,117.7,59.63,26,0,0.67
492,Kibala,TD,1665456344,9.1104,18.3463,70.84,94,100,2.57
493,Araxá,BR,1665456317,-19.5933,-46.9406,69.76,83,0,4.61
494,Ayan,RU,1665456345,56.45,138.1667,37.26,86,80,15.68
495,Walvis Bay,NA,1665456345,-22.9575,14.5053,58.15,94,24,4.61
496,Kribi,CM,1665456345,2.95,9.9167,75.06,89,100,2.01
497,Tiarei,PF,1665456346,-17.5333,-149.3333,77.02,79,15,14.9
498,Berëzovka,BY,1665456346,53.7214,25.4993,41.88,82,5,10.36
499,Paamiut,GL,1665456346,61.994,-49.6678,36.21,79,100,21.16
500,Marystown,CA,1665456347,47.1666,-55.1483,48.7,65,100,13.33
501,Isangel,VU,1665456347,-19.55,169.2667,80.71,78,75,4.61
502,Elin Pelin,BG,1665456348,42.6667,23.6,55.22,76,20,12.66
503,Tomé,CL,1665456348,-36.6167,-72.95,48.81,85,9,4.85
504,Port Blair,IN,1665456348,11.6667,92.75,81.73,72,88,7.2
505,Arlit,NE,1665456349,18.7369,7.3853,82.0,18,4,7.43
506,Wyndham,US,1665456349,37.6985,-77.6125,47.57,84,0,0.0
507,Golden,US,1665456289,39.7555,-105.2211,58.37,34,20,5.75
508,Vilcún,CL,1665456350,-38.65,-72.2333,43.54,99,13,2.06
509,Yuanping,CN,1665456350,38.7153,112.7575,53.26,23,1,3.4
510,Lugovoy,KZ,1665456350,42.9472,72.7644,48.85,34,0,6.46
511,Oyotún,PE,1665456351,-6.8519,-79.3036,71.33,69,88,2.42
512,Mopipi,BW,1665456351,-21.1833,24.8833,70.3,51,0,9.69
513,Belyy Yar,RU,1665456352,53.6039,91.3903,44.85,77,0,13.42
514,Daşoguz,TM,1665456352,41.8363,59.9666,44.55,45,0,11.5
515,Paita,PE,1665456353,-5.0892,-81.1144,63.37,84,52,12.55
516,Macará,EC,1665456353,-4.3833,-79.95,68.11,75,63,2.82
517,Ust-Maya,RU,1665456353,60.4167,134.5333,34.32,96,100,4.16
518,Cockburn Town,TC,1665456354,21.4612,-71.1419,83.25,76,13,17.56
519,Upington,ZA,1665456354,-28.4478,21.2561,66.58,22,0,6.91
520,Viedma,AR,1665456355,-40.8135,-62.9967,49.93,72,0,10.87
521,Newport,GB,1665455864,51.5877,-2.9984,43.3,84,78,1.32
522,Turukhansk,RU,1665456355,65.8167,87.9833,38.16,94,100,12.53
523,Rome,US,1665456356,43.2128,-75.4557,40.05,92,0,1.01
524,Leningradskiy,RU,1665456356,69.3833,178.4167,23.27,68,100,22.1
525,Kotovo,RU,1665456357,50.3211,44.8012,51.76,92,100,6.22
526,Maningrida,AU,1665456357,-12.0667,134.2667,93.61,39,81,11.27
527,Chiredzi,ZW,1665456357,-21.05,31.6667,66.07,95,45,5.17
528,Hay River,CA,1665456358,60.8156,-115.7999,49.98,43,75,21.85
529,Porto Nacional,BR,1665456358,-10.7081,-48.4172,80.6,28,99,3.02
530,Loandjili,CG,1665456359,-4.7561,11.8578,75.31,94,40,4.61
531,Krasnosel'kup,RU,1665456359,65.7,82.4667,37.81,97,100,15.55
532,San Mateo del Mar,MX,1665456359,16.2,-95.0,81.68,65,100,25.3
533,Pangnirtung,CA,1665456360,66.1451,-65.7125,22.39,62,52,2.62
534,Saquarema,BR,1665456309,-22.92,-42.5103,70.65,96,67,4.63
535,Neiafu,TO,1665456361,-18.65,-173.9833,79.48,89,75,5.75
536,Alice Springs,AU,1665456361,-23.7,133.8833,88.21,40,80,10.36
537,Manta,EC,1665456361,-0.95,-80.7333,71.38,83,75,6.91
538,Praia,CV,1665456362,14.9215,-23.5087,77.54,88,40,11.5
539,Sivagiri,IN,1665456362,9.3333,77.4333,81.46,75,74,3.29
540,Severodvinsk,RU,1665456363,64.5635,39.8302,46.51,90,87,11.18
541,Agadez,NE,1665456363,19.75,10.25,75.33,20,1,8.88
542,Denpasar,ID,1665456213,-8.65,115.2167,83.71,88,40,9.22
543,Broken Hill,AU,1665456364,-31.95,141.4333,70.9,22,100,11.43
544,Araouane,ML,1665456364,18.9048,-3.5265,88.56,16,1,5.12
545,Diamantino,BR,1665456365,-14.4086,-56.4461,74.39,76,96,4.92
546,Salalah,OM,1665456365,17.0151,54.0924,71.69,68,0,3.44
547,Carballo,ES,1665456365,43.213,-8.691,59.63,95,53,2.04
548,Korla,CN,1665456366,41.7597,86.1469,56.35,42,98,17.4
549,The Pas,CA,1665456308,53.8251,-101.2541,60.82,41,0,8.05
550,Lae,PG,1665456366,-6.7221,146.9847,90.27,75,100,3.15
551,Bentiu,SS,1665456366,9.2333,29.8333,68.68,90,3,2.17
552,Kismayo,SO,1665456367,-0.3582,42.5454,76.73,78,21,15.12
553,Badiraguato,MX,1665456367,25.3667,-107.5167,76.71,64,0,4.12
